title,company,salary,location,type,post-date,link
 Full-Stack Developer (TypeScript/Next.js • Cloud) , VidRush ,not disclosed, UK ,Full-Time,New,https://weworkremotely.com/company/vidrush
 Fullstack Engineer , Contra ,not disclosed," San Francisco, CA ",Full-Time, 3d ,https://weworkremotely.com/company/contra
 Senior TypeScript SDK Engineer , Nutrient ,not disclosed," Raleigh, NC, USA ",Full-Time, 7d ,https://weworkremotely.com/company/nutrient
 Software engineer , Sticker Mule ,not disclosed," New York, NY ",Full-Time, 10d ,https://weworkremotely.com/company/sticker-mule
 [Electronic Music] Senior Full Stack Software Engineer , Proton ,not disclosed, USA ,Full-Time, 10d ,https://weworkremotely.com/company/proton
 Node.js Backend Engineer , CloudDevs ,not disclosed, San Francisco ,Full-Time, 12d ,https://weworkremotely.com/company/clouddevs
 Senior Shopify Developer Remote , CloudDevs ,not disclosed, San Francisco ,Full-Time, 17d ,https://weworkremotely.com/company/clouddevs
 Full Stack Developer - YouTube Education Platform , Million View Club ,not disclosed, Amsterdam ,Full-Time, 17d ,https://weworkremotely.com/company/million-view-club
 AI-Focused Ruby on Rails Engineer , Rivo Commerce ,not disclosed, United States ,Full-Time, 23d ,https://weworkremotely.com/company/rivo-commerce
" Senior Full-Stack Engineer — CRM Platform (Remote, High Ownership) ", Tasty LLC ,not disclosed, Tasty LLC ,Full-Time, 24d ,https://weworkremotely.com/company/tasty-llc
 Senior Fullstack Developer , Zencastr ,not disclosed, Zencastr ,Full-Time, 28d ,https://weworkremotely.com/company/zencastr
 Senior Shopify Developer (Remote + Flexible) , Storetasker ,not disclosed," Brooklyn, NY ",Contract,New,https://weworkremotely.com/company/storetasker
 PHP Engineer , MailerLite ,not disclosed, USA ,Full-Time, 17d ,https://weworkremotely.com/company/mailerlite
 Senior Software Engineer , Intellisync SRL ,not disclosed," Acireale, Italy ",Full-Time, 19d ,https://weworkremotely.com/company/intellisync-srl
 Senior Blockchain Developer , Lemon.io ,not disclosed," New York, NY ",Full-Time, 20d ,https://weworkremotely.com/company/lemon-io
 Senior Independent Software Developer ($90-$170/hr) , A.Team ,not disclosed," NYC, SF, and TLV ",Contract, 26d ,https://weworkremotely.com/company/a-team
